,Name,Title,Description,CF Category,Output Name,CF Standard Name,Axis Flag,Bounds Flag,Positive Direction,Type,UID,Grid Class,Units,Value (Scalar or String),Requested Bounds],Stored Direction,Requested Values,Tolerance,Maximum Valid Value,Minimum Valid Value,Bounds (Scalar),Climatology Flag
rec0UWRGxwe1XjCuB,alevel,Atmospheric Model Level,"Generic atmospheric model vertical coordinate (nondimensional or dimensional) [use CF standard name apporpriate for model vertical coordinate, e.g. model_level_number or atmosphere_sigma_coordinate]",dimension,lev,x,Z,True,up,double,dim:alevel,options,,,,,,,,,,
rec0oHWKuaWfyEHMJ,p850,pressure,850 hPa,coordinate,plev,air_pressure,Z,,down,double,dim:p850,fixedScalar,Pa,85000.,,,,,,,,
rec0rhnovkgk1WjPJ,typec4natg,C4 Natural grass area type,,coordinate,type,area_type,,,,character,dim:typec4natg,fixedScaler,,natural_grasses_of_c4_plant_functional_types,,,,,,,,
rec1g020RMCRJ3UFd,dbze,CloudSat Simulator Equivalent Radar Reflectivity Factor,15 bins of radar reflectivity for CloudSat simulator CFAD,dimension,dbze,equivalent_reflectivity_factor,,True,,double,dim:dbze,fixed,dBZ,,-50.0 -45.0 -45.0 -40.0 -40.0 -35.0 -35.0 -30.0 -30.0 -25.0 -25.0 -20.0 -20.0 -15.0 -15.0 -10.0 -10.0 -5.0 -5.0 0.0 0.0 5.0 5.0 10.0 10.0 15.0 15.0 20.0 20.0 25.0,increasing,-47.5 -42.5 -37.5 -32.5 -27.5 -22.5 -17.5 -12.5 -7.5 -2.5 2.5 7.5 12.5 17.5 22.5,1.0,,,,
rec2SUyANzWucifcH,typesever,surface type,,coordinate,type,area_type,,,,character,dim:typesever,fixedScaler,,secondary_evergreen_trees,,,,,,,,
rec2Ylpk5Dmjh8FLy,basin,Ocean Basin,,dimension,basin,region,,,,character,dim:basin,fixed,,,,,atlantic_arctic_ocean indian_pacific_ocean global_ocean,,,,,
rec2nqQvo0R6t0DGi,siline,ocean passage,"1. Fram Strait = (11.5W,81.3N) to (10.5E,79.6N); 2. Canadian Archipelego = (128.2W,70.6N) to (59.3W,82.1N); 3. Barents opening = (16.8E,76.5N) to (19.2E,70.2N); 4. Bering Strait = (171W,66.2N) to (166W,65N);",dimension,line,region,,,,character,dim:siline,fixed,,,,,"fram_strait, canadian_archipelego, barents_opening, bering_strait",,,,,
rec51j0XuqdOLzwWy,plev27,Pressure Levels (27),Used to give extra resolution for HighResMIP monthly mean diagnostics.,dimension,plev,air_pressure,Z,,down,double,dim:plev27,fixed,Pa,,,decreasing,100000. 97500. 95000. 92500. 90000. 87500. 85000. 82500. 80000. 77500. 75000. 70000. 65000. 60000. 55000. 50000. 45000. 40000. 35000. 30000. 25000. 22500. 20000. 17500. 15000. 12500. 10000.,1.0,,,,
rec5QAePLyENSCVMa,typepever,surface type,,coordinate,type,area_type,,,,character,dim:typepever,fixedScaler,,primary_evergreen_trees,,,,,,,,
rec6IdlexwXeVJ8FH,ygre,Y-coordinate of Greenland grid,Y-coordinate of Greenland grid (stubb),dimension,ygre,projection_y_coordinate,,,,double,dim:ygre,fixedExternal,km,,,,-3400000.0 -3395000.0 -3390000.0 -3385000.0 -3380000.0 -3375000.0 -3370000.0 -3365000.0 -3360000.0 -3355000.0 -3350000.0 -3345000.0 -3340000.0 -3335000.0 -3330000.0 -3325000.0 -3320000.0 -3315000.0 -3310000.0 -3305000.0 -3300000.0 -3295000.0 -3290000.0 -3285000.0 -3280000.0 -3275000.0 -3270000.0 -3265000.0 -3260000.0 -3255000.0 -3250000.0 -3245000.0 -3240000.0 -3235000.0 -3230000.0 -3225000.0 -3220000.0 -3215000.0 -3210000.0 -3205000.0 -3200000.0 -3195000.0 -3190000.0 -3185000.0 -3180000.0 -3175000.0 -3170000.0 -3165000.0 -3160000.0 -3155000.0 -3150000.0 -3145000.0 -3140000.0 -3135000.0 -3130000.0 -3125000.0 -3120000.0 -3115000.0 -3110000.0 -3105000.0 -3100000.0 -3095000.0 -3090000.0 -3085000.0 -3080000.0 -3075000.0 -3070000.0 -3065000.0 -3060000.0 -3055000.0 -3050000.0 -3045000.0 -3040000.0 -3035000.0 -3030000.0 -3025000.0 -3020000.0 -3015000.0 -3010000.0 -3005000.0 -3000000.0 -2995000.0 -2990000.0 -2985000.0 -2980000.0 -2975000.0 -2970000.0 -2965000.0 -2960000.0 -2955000.0 -2950000.0 -2945000.0 -2940000.0 -2935000.0 -2930000.0 -2925000.0 -2920000.0 -2915000.0 -2910000.0 -2905000.0 -2900000.0 -2895000.0 -2890000.0 -2885000.0 -2880000.0 -2875000.0 -2870000.0 -2865000.0 -2860000.0 -2855000.0 -2850000.0 -2845000.0 -2840000.0 -2835000.0 -2830000.0 -2825000.0 -2820000.0 -2815000.0 -2810000.0 -2805000.0 -2800000.0 -2795000.0 -2790000.0 -2785000.0 -2780000.0 -2775000.0 -2770000.0 -2765000.0 -2760000.0 -2755000.0 -2750000.0 -2745000.0 -2740000.0 -2735000.0 -2730000.0 -2725000.0 -2720000.0 -2715000.0 -2710000.0 -2705000.0 -2700000.0 -2695000.0 -2690000.0 -2685000.0 -2680000.0 -2675000.0 -2670000.0 -2665000.0 -2660000.0 -2655000.0 -2650000.0 -2645000.0 -2640000.0 -2635000.0 -2630000.0 -2625000.0 -2620000.0 -2615000.0 -2610000.0 -2605000.0 -2600000.0 -2595000.0 -2590000.0 -2585000.0 -2580000.0 -2575000.0 -2570000.0 -2565000.0 -2560000.0 -2555000.0 -2550000.0 -2545000.0 -2540000.0 -2535000.0 -2530000.0 -2525000.0 -2520000.0 -2515000.0 -2510000.0 -2505000.0 -2500000.0 -2495000.0 -2490000.0 -2485000.0 -2480000.0 -2475000.0 -2470000.0 -2465000.0 -2460000.0 -2455000.0 -2450000.0 -2445000.0 -2440000.0 -2435000.0 -2430000.0 -2425000.0 -2420000.0 -2415000.0 -2410000.0 -2405000.0 -2400000.0 -2395000.0 -2390000.0 -2385000.0 -2380000.0 -2375000.0 -2370000.0 -2365000.0 -2360000.0 -2355000.0 -2350000.0 -2345000.0 -2340000.0 -2335000.0 -2330000.0 -2325000.0 -2320000.0 -2315000.0 -2310000.0 -2305000.0 -2300000.0 -2295000.0 -2290000.0 -2285000.0 -2280000.0 -2275000.0 -2270000.0 -2265000.0 -2260000.0 -2255000.0 -2250000.0 -2245000.0 -2240000.0 -2235000.0 -2230000.0 -2225000.0 -2220000.0 -2215000.0 -2210000.0 -2205000.0 -2200000.0 -2195000.0 -2190000.0 -2185000.0 -2180000.0 -2175000.0 -2170000.0 -2165000.0 -2160000.0 -2155000.0 -2150000.0 -2145000.0 -2140000.0 -2135000.0 -2130000.0 -2125000.0 -2120000.0 -2115000.0 -2110000.0 -2105000.0 -2100000.0 -2095000.0 -2090000.0 -2085000.0 -2080000.0 -2075000.0 -2070000.0 -2065000.0 -2060000.0 -2055000.0 -2050000.0 -2045000.0 -2040000.0 -2035000.0 -2030000.0 -2025000.0 -2020000.0 -2015000.0 -2010000.0 -2005000.0 -2000000.0 -1995000.0 -1990000.0 -1985000.0 -1980000.0 -1975000.0 -1970000.0 -1965000.0 -1960000.0 -1955000.0 -1950000.0 -1945000.0 -1940000.0 -1935000.0 -1930000.0 -1925000.0 -1920000.0 -1915000.0 -1910000.0 -1905000.0 -1900000.0 -1895000.0 -1890000.0 -1885000.0 -1880000.0 -1875000.0 -1870000.0 -1865000.0 -1860000.0 -1855000.0 -1850000.0 -1845000.0 -1840000.0 -1835000.0 -1830000.0 -1825000.0 -1820000.0 -1815000.0 -1810000.0 -1805000.0 -1800000.0 -1795000.0 -1790000.0 -1785000.0 -1780000.0 -1775000.0 -1770000.0 -1765000.0 -1760000.0 -1755000.0 -1750000.0 -1745000.0 -1740000.0 -1735000.0 -1730000.0 -1725000.0 -1720000.0 -1715000.0 -1710000.0 -1705000.0 -1700000.0 -1695000.0 -1690000.0 -1685000.0 -1680000.0 -1675000.0 -1670000.0 -1665000.0 -1660000.0 -1655000.0 -1650000.0 -1645000.0 -1640000.0 -1635000.0 -1630000.0 -1625000.0 -1620000.0 -1615000.0 -1610000.0 -1605000.0 -1600000.0 -1595000.0 -1590000.0 -1585000.0 -1580000.0 -1575000.0 -1570000.0 -1565000.0 -1560000.0 -1555000.0 -1550000.0 -1545000.0 -1540000.0 -1535000.0 -1530000.0 -1525000.0 -1520000.0 -1515000.0 -1510000.0 -1505000.0 -1500000.0 -1495000.0 -1490000.0 -1485000.0 -1480000.0 -1475000.0 -1470000.0 -1465000.0 -1460000.0 -1455000.0 -1450000.0 -1445000.0 -1440000.0 -1435000.0 -1430000.0 -1425000.0 -1420000.0 -1415000.0 -1410000.0 -1405000.0 -1400000.0 -1395000.0 -1390000.0 -1385000.0 -1380000.0 -1375000.0 -1370000.0 -1365000.0 -1360000.0 -1355000.0 -1350000.0 -1345000.0 -1340000.0 -1335000.0 -1330000.0 -1325000.0 -1320000.0 -1315000.0 -1310000.0 -1305000.0 -1300000.0 -1295000.0 -1290000.0 -1285000.0 -1280000.0 -1275000.0 -1270000.0 -1265000.0 -1260000.0 -1255000.0 -1250000.0 -1245000.0 -1240000.0 -1235000.0 -1230000.0 -1225000.0 -1220000.0 -1215000.0 -1210000.0 -1205000.0 -1200000.0 -1195000.0 -1190000.0 -1185000.0 -1180000.0 -1175000.0 -1170000.0 -1165000.0 -1160000.0 -1155000.0 -1150000.0 -1145000.0 -1140000.0 -1135000.0 -1130000.0 -1125000.0 -1120000.0 -1115000.0 -1110000.0 -1105000.0 -1100000.0 -1095000.0 -1090000.0 -1085000.0 -1080000.0 -1075000.0 -1070000.0 -1065000.0 -1060000.0 -1055000.0 -1050000.0 -1045000.0 -1040000.0 -1035000.0 -1030000.0 -1025000.0 -1020000.0 -1015000.0 -1010000.0 -1005000.0 -1000000.0 -995000.0 -990000.0 -985000.0 -980000.0 -975000.0 -970000.0 -965000.0 -960000.0 -955000.0 -950000.0 -945000.0 -940000.0 -935000.0 -930000.0 -925000.0 -920000.0 -915000.0 -910000.0 -905000.0 -900000.0 -895000.0 -890000.0 -885000.0 -880000.0 -875000.0 -870000.0 -865000.0 -860000.0 -855000.0 -850000.0 -845000.0 -840000.0 -835000.0 -830000.0 -825000.0 -820000.0 -815000.0 -810000.0 -805000.0 -800000.0 -795000.0 -790000.0 -785000.0 -780000.0 -775000.0 -770000.0 -765000.0 -760000.0 -755000.0 -750000.0 -745000.0 -740000.0 -735000.0 -730000.0 -725000.0 -720000.0 -715000.0 -710000.0 -705000.0 -700000.0 -695000.0 -690000.0 -685000.0 -680000.0 -675000.0 -670000.0 -665000.0 -660000.0 -655000.0 -650000.0 -645000.0 -640000.0 -635000.0 -630000.0 -625000.0 -620000.0 -615000.0 -610000.0 -605000.0 -600000.0,,,,,
rec6UIIQtE4lPe7PE,plev7c,Pressure Levels (7 for ISCCP),7 pressure layers defined by ISCCP simulator,dimension,plev,air_pressure,Z,True,down,double,dim:plev7c,fixed,Pa,,100000.0 80000.0 80000.0 68000.0 68000.0 56000.0 56000.0 44000.0 44000.0 31000.0 31000.0 18000.0 18000.0 0.0,decreasing,90000. 74000. 62000. 50000. 37500. 24500. 9000.,1.0,,,,
rec7GMLScfin6Hjds,typetreebd,Tree area type (Broadleaf Deciduous),,coordinate,type,area_type,,,,character,dim:typetreebd,fixedScaler,,trees,,,,,,,,
rec7wqN9JO80dJLik,height2m,height,~2 m standard surface air temperature and surface humidity  height,coordinate,height,height,Z,,up,double,dim:height2m,fixedScalar,m,2.,,increasing,,,10.0,1.0,,
rec8QGoksPPBJJ466,typec3pft,surface type,,coordinate,type,area_type,,,,character,dim:typec3pft,fixedScaler,,c3_plant_functional_types,,,,,,,,
rec9ADpWiuovO4o17,plev8,Pressure Levels (8),,dimension,plev,air_pressure,Z,,down,double,dim:plev8,fixed,Pa,,,decreasing,100000. 85000. 70000. 50000. 25000. 10000. 5000. 1000.,1.0,,,,
recABeb7kv0Knp9hi,plev19,Pressure Levels (19),There are 19  requested levels. If the upper levels are above the model top they should be omitted.,dimension,plev,air_pressure,Z,True,down,double,dim:plev19,fixedScalar,Pa,,,decreasing,100000. 92500. 85000. 70000. 60000. 50000. 40000. 30000. 25000. 20000. 15000. 10000. 7000. 5000. 3000. 2000. 1000. 500. 100.,1.0,,,,
recAVlfBzrGJVAMS5,typec3crop,surface type,,coordinate,type,area_type,,,,character,dim:typec3crop,fixedScaler,,crops_of_c3_plant_functional_types,,,,,,,,
recAfbF1ocdfifvWd,xgre,X-coordinate of Greenland grid,X-coordinate of Greenland grid (stubb),dimension,xgre,projection_x_coordinate,,,,double,dim:xgre,fixedExternal,km,,,,-800000.0 -795000.0 -790000.0 -785000.0 -780000.0 -775000.0 -770000.0 -765000.0 -760000.0 -755000.0 -750000.0 -745000.0 -740000.0 -735000.0 -730000.0 -725000.0 -720000.0 -715000.0 -710000.0 -705000.0 -700000.0 -695000.0 -690000.0 -685000.0 -680000.0 -675000.0 -670000.0 -665000.0 -660000.0 -655000.0 -650000.0 -645000.0 -640000.0 -635000.0 -630000.0 -625000.0 -620000.0 -615000.0 -610000.0 -605000.0 -600000.0 -595000.0 -590000.0 -585000.0 -580000.0 -575000.0 -570000.0 -565000.0 -560000.0 -555000.0 -550000.0 -545000.0 -540000.0 -535000.0 -530000.0 -525000.0 -520000.0 -515000.0 -510000.0 -505000.0 -500000.0 -495000.0 -490000.0 -485000.0 -480000.0 -475000.0 -470000.0 -465000.0 -460000.0 -455000.0 -450000.0 -445000.0 -440000.0 -435000.0 -430000.0 -425000.0 -420000.0 -415000.0 -410000.0 -405000.0 -400000.0 -395000.0 -390000.0 -385000.0 -380000.0 -375000.0 -370000.0 -365000.0 -360000.0 -355000.0 -350000.0 -345000.0 -340000.0 -335000.0 -330000.0 -325000.0 -320000.0 -315000.0 -310000.0 -305000.0 -300000.0 -295000.0 -290000.0 -285000.0 -280000.0 -275000.0 -270000.0 -265000.0 -260000.0 -255000.0 -250000.0 -245000.0 -240000.0 -235000.0 -230000.0 -225000.0 -220000.0 -215000.0 -210000.0 -205000.0 -200000.0 -195000.0 -190000.0 -185000.0 -180000.0 -175000.0 -170000.0 -165000.0 -160000.0 -155000.0 -150000.0 -145000.0 -140000.0 -135000.0 -130000.0 -125000.0 -120000.0 -115000.0 -110000.0 -105000.0 -100000.0 -95000.0 -90000.0 -85000.0 -80000.0 -75000.0 -70000.0 -65000.0 -60000.0 -55000.0 -50000.0 -45000.0 -40000.0 -35000.0 -30000.0 -25000.0 -20000.0 -15000.0 -10000.0 -5000.0 0.0 5000.0 10000.0 15000.0 20000.0 25000.0 30000.0 35000.0 40000.0 45000.0 50000.0 55000.0 60000.0 65000.0 70000.0 75000.0 80000.0 85000.0 90000.0 95000.0 100000.0 105000.0 110000.0 115000.0 120000.0 125000.0 130000.0 135000.0 140000.0 145000.0 150000.0 155000.0 160000.0 165000.0 170000.0 175000.0 180000.0 185000.0 190000.0 195000.0 200000.0 205000.0 210000.0 215000.0 220000.0 225000.0 230000.0 235000.0 240000.0 245000.0 250000.0 255000.0 260000.0 265000.0 270000.0 275000.0 280000.0 285000.0 290000.0 295000.0 300000.0 305000.0 310000.0 315000.0 320000.0 325000.0 330000.0 335000.0 340000.0 345000.0 350000.0 355000.0 360000.0 365000.0 370000.0 375000.0 380000.0 385000.0 390000.0 395000.0 400000.0 405000.0 410000.0 415000.0 420000.0 425000.0 430000.0 435000.0 440000.0 445000.0 450000.0 455000.0 460000.0 465000.0 470000.0 475000.0 480000.0 485000.0 490000.0 495000.0 500000.0 505000.0 510000.0 515000.0 520000.0 525000.0 530000.0 535000.0 540000.0 545000.0 550000.0 555000.0 560000.0 565000.0 570000.0 575000.0 580000.0 585000.0 590000.0 595000.0 600000.0 605000.0 610000.0 615000.0 620000.0 625000.0 630000.0 635000.0 640000.0 645000.0 650000.0 655000.0 660000.0 665000.0 670000.0 675000.0 680000.0 685000.0 690000.0 695000.0 700000.0,,,,,
recB6tcydInc6D7gf,time,Time Intervals,for time-mean fields,dimension,time,time,T,True,,double,dim:time,model,days since ?,,,increasing,,,,,,
recCNc46J12At7WBc,typeshrub,Shrub area type,,coordinate,type,area_type,,,,character,dim:typeshrub,fixedScaler,,shrubs,,,,,,,,
recCo69ZoJZ8z6DpX,typepasture,Pasture area type,,coordinate,type,area_type,,,,character,dim:typepasture,fixedScaler,,pastures,,,,,,,,
recDSgUeYUI9RMzi6,typec3natg,C3 Natural grass area type,,coordinate,type,area_type,,,,character,dim:typec3natg,fixedScaler,,natural_grasses_of_c3_plant_functional_types,,,,,,,,
recEVtglcZLqOnAyx,alt40,Altitude (40 Levels for CloudSat),CloudSat vertical coordinate heights,dimension,alt40,altitude,Z,True,up,double,dim:alt40,fixed,m,,0.0 480.0 480.0 960.0 960.0 1440.0 1440.0 1920.0 1920.0 2400.0 2400.0 2880.0 2880.0 3360.0 3360.0 3840.0 3840.0 4320.0 4320.0 4800.0 4800.0 5280.0 5280.0 5760.0 5760.0 6240.0 6240.0 6720.0 6720.0 7200.0 7200.0 7680.0 7680.0 8160.0 8160.0 8640.0 8640.0 9120.0 9120.0 9600.0 9600.0 10080.0 10080.0 10560.0 10560.0 11040.0 11040.0 11520.0 11520.0 12000.0 12000.0 12480.0 12480.0 12960.0 12960.0 13440.0 13440.0 13920.0 13920.0 14400.0 14400.0 14880.0 14880.0 15360.0 15360.0 15840.0 15840.0 16320.0 16320.0 16800.0 16800.0 17280.0 17280.0 17760.0 17760.0 18240.0 18240.0 18720.0 18720.0 19200.0,increasing,240. 720. 1200. 1680. 2160. 2640. 3120. 3600. 4080. 4560. 5040. 5520. 6000. 6480. 6960. 7440. 7920. 8400. 8880. 9360. 9840. 10320. 10800. 11280. 11760. 12240. 12720. 13200. 13680. 14160. 14640. 15120. 15600. 16080. 16560. 17040. 17520. 18000. 18480. 18960.,1.0,,,,
recFS4lgax7lI2iNQ,time1,Time Points,synoptic times (for fields that are not time-means),dimension,time,time,T,,,double,dim:time1,model,days since ?,,,increasing,,,,,,
recH0okCoL1Eq84wi,effectRadLi,Effective Radius for Liquid Aerosols,Effective Radius of Liquid Aerosols  [Values to be specified],dimension,effectRadLi,,,,,double,dim:effectRadLi,fixed,micron,,0.0 8.0 8.0 10.0 10.0 13.0 13.0 15.0 15.0 20.0 20.0 30.0,,4. 9. 11.5 14. 17.5 25.,,,,,
recH9HN0PeJK3uOJj,typec4pastures,C4 Pastures area type,,coordinate,type,area_type,,,,character,dim:typec4pastures,fixedScaler,,pastures_of_c4_plant_functional_types,,,,,,,,
recIjQNX0AKPruJom,olevel,Ocean Model Levels,generic ocean model vertical coordinate (nondimensional or dimensional),dimension,lev,,Z,True,down,double,dim:olevel,options,,,,,,,,,,
recJGrQiDaJVUwLbJ,p840,pressure,pressure layer of low-level cloud in ISCCP simulator,coordinate,plev,air_pressure,Z,True,down,double,dim:p840,fixedScalar,Pa,84000.,,decreasing,,,,,"100000, 68000",
recK6ruL1smoX8KSL,p500,pressure,500 hPa,coordinate,plev,air_pressure,Z,,down,double,dim:p500,fixedScalar,Pa,50000.,,,,,,,,
recKM68GeDzYaMPEP,yant,Y-coordinate of Antarctic grid,Y-coordinate of Antarctic grid (stubb),dimension,yant,projection_y_coordinate,,,,double,dim:yant,fixedExternal,km,,,,,,,,,
recKwris8vnyGv0h3,typenwd,Non-Woody Vegetation area type,,coordinate,type,area_type,,,,character,dim:typenwd,fixedScaler,,herbaceous_vegetation,,,,,,,,
recLFHX1OsxAWijo1,plev3u,"Pressure Levels (3, UTLS)"," The UTLS region (100, 150 and 225 hPa) impacts of climate change on aviation.
",dimension,plev,air_pressure,Z,,down,double,dim:plev3u,fixed,Pa,,,decreasing,22500. 15000. 10000.,1.0,,,,
recLYxngBJaMnImws,height100m,height,~100 m height for wind turbine diagnostics,coordinate,height,height,Z,,up,double,dim:height100m,fixedScalar,m,100.,,increasing,,,120.0,80.0,,
recM142NxF1Sviavb,p560,pressure,pressure layer of mid-level cloud in ISCCP simulator,coordinate,plev,air_pressure,Z,True,down,double,dim:p560,fixedScalar,Pa,56000.,,decreasing,,,,,"68000, 44000",
recMMAPPGIYwXmdDO,typetreebe,Tree area type (Broadleaf Evergreen),,coordinate,type,area_type,,,,character,dim:typetreebe,fixedScaler,,trees,,,,,,,,
recMweL4rT3XGepIs,spectband,Spectral Frequency Band,Spectral Band,dimension,spectband,sensor_band_central_radiation_wavenumber,,True,,double,dim:spectband,model,m-1,,,,,,,,,
recMyy4Pmtjvyzl2c,xant,X-coordinate of Antarctic grid,X-coordinate of Antarctic grid (stubb),dimension,xant,projection_x_coordinate,,,,double,dim:xant,fixedExternal,km,,,,,,,,,
recNuWaw2KojSjVcO,typec4crop,surface type,,coordinate,type,area_type,,,,character,dim:typec4crop,fixedScaler,,crops_of_c4_plant_functional_types,,,,,,,,
recR4SeI6wa4E5gdP,plev7h,"Pressure Levels (7, Tropospheric)","7 pressure levels used for tropospheric studies (note it was originally a subset of plev27, but inclusion of 50hPa broke this link);",dimension,plev,air_pressure,Z,,down,double,dim:plev7h,fixed,Pa,,,decreasing,92500. 85000. 70000. 60000. 50000. 25000.  5000.,1.0,,,,
recTKcAeUKwqWIrgs,typesdec,surface type,,coordinate,type,area_type,,,,character,dim:typesdec,fixedScaler,,secondary_decidous_trees,,,,,,,,
recTnfQ7oouQjzvOa,tau,cloud optical thickness,isccp optical depth categories,dimension,tau,atmosphere_optical_thickness_due_to_cloud,,True,,double,dim:tau,fixed,1,,0.0 0.3 0.3 1.3 1.3 3.6 3.6 9.4 9.4 23.0 23.0 60.0 60.0 100000.0,increasing,0.15 0.8 2.45 6.5 16.2 41.5 100.,1.0,,,,
recTpmnBt0XgYcPfk,soilpools,Soil Pools,Carbon soil pools,dimension,type,,,,,character,dim:soilpools,model,,,,,,,,,,
recTvDi8i7SIY5RYI,typewetla,Wetland,,coordinate,type,area_type,,,,character,dim:typewetla,fixedScaler,,wetland,,,,,,,,
recUTDHJKfpEANK8U,stempzero,Soil Temperature Zero,Specifying temperature ..,coordinate,stempzero,soil_temperature,Z,,,double,dim:stempzero,fixedScalar,degC,0.0,,,,,,,,
recUU39JkTMWCtGM5,oline,Ocean Straits,"opening, passage, strait, channel, etc. Bounds (lon,lat,depth):[([16.8,19.2],[76.5,70.2],[0,10000]),([-171.0,-166.0],[66.2,65.0],[0,10000]),([-75.0,-72.6],[20.2,19.7],[0,10000]),([-50.0,-65.0],[65.0,65.0],[0,10000]),([-37.0,-22.5],[66.1,66.0],[0,10000]),([-68.0,-60.0],[-54.0,-64.7],[0,10000]),([1.5,1.7],[51.1,51.0],[0,10000]),([-6.9,-5.0],[62.0,58.7],[0,10000]),([-78.5,-80.5],[26.0,27.0],[0,10000]),([-20.0,11.0],[79.0,79.0],[0,10000]),([-5.6,-5.6],[35.8,36.0],[0,10000]),([-13.6,-7.4],[64.9,62.2],[0,10000]),([100.0,140.0],[-6.0,-6.0],[0,10000]),([39.0,45.0],[-16.0,-18.0],[0,10000]),([-155.0,-155.0],[-2.0,2.0],[0,350]),([121.8,121.8],[18.3,22.3],[0,10000])]",dimension,line,region,,,,character,dim:oline,fixed,,,,,barents_opening bering_strait windward_passage davis_strait denmark_strait drake_passage english_channel faroe_scotland_channel florida_bahamas_strait fram_strait gibraltar_strait iceland_faroe_channel indonesian_throughflow mozambique_channel pacific_equatorial_undercurrent taiwan_luzon_straits ,,,,,
recUe4A02m9D3NaFe,scatratio,lidar backscattering ratio,15 bins of scattering ratio for the CALIPSO simulator CFAD,dimension,scatratio,backscattering_ratio,,True,,double,dim:scatratio,fixed,1,,0.0 0.01 0.01 1.2 1.2 3.0 3.0 5.0 5.0 7.0 7.0 10.0 10.0 15.0 15.0 20.0 20.0 25.0 25.0 30.0 30.0 40.0 40.0 50.0 50.0 60.0 60.0 80.0 80.0 100000.0,increasing,0.005 0.605 2.1 4. 6. 8.5 12.5 17.5 22.5 27.5 35. 45. 55. 70. 50040.,1.0,,,,
recV8JFEdA18TJ9G0,depth700m,depth,coordinate value for 700 m ocean depth,coordinate,depth,depth,Z,True,down,double,dim:depth700m,fixedScalar,m,350.,,increasing,,,700.0,0.0,"0, 700",
recVCnmShdwvU82wX,landUse,Land use type,"In CMIP6, this is encoded as an index dimension called landuse and an auxiliary dimension called sector",dimension,landuse,area_type,,,,character,dim:landUse,,,,,,primary_and_secondary_land pastures crops urban,,,,,
recVQ30MzTql01p6s,lambda550nm,Radiation Wavelength 550 nanometers,Radiation wavelength used for monitoring aerosol properties,coordinate,wavelength,radiation_wavelength,,,,double,dim:lambda550nm,fixedScalar,nm,550.0,,,,,,,,
recWo2rmVSBYtJp5Z,typec4pft,surface type,,coordinate,type,area_type,,,,character,dim:typec4pft,fixedScaler,,c4_plant_functional_types,,,,,,,,
recX7r20i18xNFIGn,typesirdg,Sea Ice Ridge  area type,,coordinate,type,area_type,,,,character,dim:typesirdg,fixedScaler,,sea_ice_ridges,,,,,,,,
recYAtuvOqOZISrTS,time3,Diurnal Mean,Diurnal cycle: monthly mean of the diurnal cycle (1 hour steps).,dimension,time,time,T,True,,double,dim:time3,model,days since ?,,,increasing,,,,,,True
recZY2dZvi6bDCWle,olevhalf,Ocean Model Half-levels,generic ocean model vertical coordinate (nondimensional or dimensional),dimension,lev,,Z,,down,double,dim:olevhalf,options,,,,,,,,,,
recZfCbjS7Y3WyGqb,p100,pressure,100 hPa,coordinate,plev,air_pressure,Z,,down,double,dim:p100,fixedScalar,Pa,10000.,,,,,,,,
recaKQaXy0skkY9Mx,pl700,pressure,Layer from 850 to 600hPa,coordinate,plev,air_pressure,Z,True,down,double,dim:pl700,fixedScalar,Pa,70000.,,,,,,,"85000, 60000",
recagOH2VJuXcSGBN,time2,Monthly Climatology,climatological times,dimension,time,time,T,True,,double,dim:time2,model,days since ?,,,increasing,,,,,,True
recajiQN7AnrbUOyq,depth300m,depth,coordinate value for 300 m ocean depth,coordinate,depth,depth,Z,True,down,double,dim:depth300m,fixedScalar,m,150.,,increasing,,,300.0,0.0,"0, 300",
recakcldqAgn6RSk0,sza5,solar zenith angle,5 solar zenith angles for PARASOL reflectances,dimension,sza,solar_zenith_angle,,,,double,dim:sza5,fixed,degree,,,increasing,0. 20. 40. 60. 80.,1.0,,,,
recbWJc8hD11asyhs,longitude,Longitude,,dimension,lon,longitude,X,True,,double,dim:longitude,options,degrees_east,,,increasing,,,360.0,0.0,,
recbgU7YqV0Btvb7f,typeburnt,Burnt vegetation area type,,coordinate,type,area_type,,,,character,dim:typeburnt,fixedScaler,,burnt_vegetation,,,,,,,,
reccQjc4VPRvgDNmX,typetreend,Tree area type (Needleleaf Deciduous),,coordinate,type,area_type,,,,character,dim:typetreend,fixedScaler,,trees,,,,,,,,
reccfGcgYfJV9EXmh,plev4,Pressure Levels (4),"Used for two HighResMIP variables, neither of which was published by anybody in CMIP6.",dimension,plev,air_pressure,Z,,down,double,dim:plev4,fixed,Pa,,,decreasing,92500. 85000. 50000. 25000.,1.0,,,,
reccmMV3GwoRO5ncd,sdepth1,depth,coordinate value for topmost 0.1 meter layer of soil,coordinate,depth,depth,Z,True,down,double,dim:sdepth1,fixedScalar,m,0.05,,increasing,,,0.1,0.0,"0.0, 0.1",
rece2bwmHKwfKa0RZ,sdepth,depth,"Soil layers (depth). If soil layer thicknesses vary from one location to another, interpolate to a standard set of depths.  Ideally, the interpolation should preserve the vertical integral where appropriate (e.g. for layer mass content).",dimension,depth,depth,Z,True,down,double,dim:sdepth,model,m,,,increasing,,,200.0,0.0,,
rece3ISIXdShIMuSy,depth0m,depth,vertical coordinate for ocean surface,coordinate,depth,depth,Z,,down,double,dim:depth0m,fixedScalar,m,0.,,increasing,,,100.0,0.0,,
receDJNrcAKI4MJvi,typemp,Melt pond area type,,coordinate,type,area_type,,,,character,dim:typemp,fixedScaler,,sea_ice_melt_pond,,,,,,,,
recefo0wPwPsMZbLN,height10m,height,~10 m standard wind speed height,coordinate,height,height,Z,,up,double,dim:height10m,fixedScalar,m,10.,,increasing,,,30.0,1.0,,
receoig1ZhbKr8jyb,site,site index,An integer assigned to each of 121 stations requested by CFMIP (see http://www.geosci-model-dev.net/10/359/2017/gmd-10-359-2017-supplement.zip ).,dimension,site,,,,,integer,dim:site,fixed,,,,,1..121,,,,,
recf3tauKUzsQYYIy,vegtype,Vegetation or Land Cover Type,"Vegetation or land cover type. Where possible, please use terms from the CF Convention Area Type table: http://cfconventions.org/Data/area-type-table/6/build/area-type-table",dimension,type,,,,,character,dim:vegtype,model,,,,,,,,,,
recfCOdh3SoJrTxsA,olayer100m,depth,coordinate for 100 m ocean surface layer,coordinate,depth,depth,Z,True,down,double,dim:olayer100m,fixedScalar,m,50.,,increasing,,,100.0,0.0,"0, 100",
recfFPXgVqd4Um5jH,gridlatitude,Grid Latitude,,dimension,rlat,grid_latitude,Y,True,,double,dim:grid_latitude,model,degrees,,,increasing,,,90.0,-90.0,,
recfrTZMIK32psFQQ,p1000,pressure,1000 hPa,coordinate,plev,air_pressure,Z,,down,double,dim:p1000,fixedScalar,Pa,100000.,,,,,,,,
recitpUO1krSZU2wR,alevhalf,Atmospheric Model Half-level,"Atmospheric model ""half"" level [use CF standard name apporpriate for model vertical coordinate, e.g. model_level_number or atmosphere_sigma_coordinate]",dimension,lev,,Z,,up,double,dim:alevhalf,options,,,,,,,,,,
recj92B89EeHy9s4w,typec3pastures,C3 Pastures area type,,coordinate,type,area_type,,,,character,dim:typec3pastures,fixedScaler,,pastures_of_c3_plant_functional_types,,,,,,,,
reckjxRgngf8fepQT,typesi,Sea Ice area type,,coordinate,type,area_type,,,,character,dim:typesi,fixedScaler,,sea_ice,,,,,,,,
recksNR3O685kGGF4,scatter180,Scattering Angle,Angle of scattering relative to direction of incident radiation,coordinate,scatangle,scattering_angle,,,,double,dim:scatter180,fixedScalar,degree,180.0,,,,,,,,
reclg32wOmLg9hJ0b,typecrop,Crop area type,,coordinate,type,area_type,,,,character,dim:typecrop,fixedScaler,,crops,,,,,,,,
recmhq2sYU56GjWmb,plev39,Pressure Levels (39),Used for zonal mean fields (daily and monthly),dimension,plev,air_pressure,Z,,down,double,dim:plev39,fixed,Pa,,,decreasing,100000. 92500. 85000. 70000. 60000. 50000. 40000. 30000. 25000. 20000. 17000. 15000. 13000. 11500. 10000. 9000. 8000. 7000. 5000. 3000. 2000. 1500. 1000. 700. 500. 300. 200. 150. 100. 70. 50. 40. 30. 20. 15. 10. 7. 5. 3.,1.0,,,,
recmnUayAwh4t0Q1o,sdepth10,depth,coordinate value for topmost 1 meter layer of soil,coordinate,depth,depth,Z,True,down,double,dim:sdepth10,fixedScalar,m,0.5,,increasing,,,1.0,0.0,"0., 1.",
recnFbjw8g1gIPqJa,rho,potential density referenced to 2000 dbar,potential density referenced to 2000 dbar,dimension,rho,sea_water_potential_density,Z,True,down,double,dim:rho,model,kg m-3,,,increasing,,,,,,
recnf7w657uihwK3x,typeveg,Vegetation area type,,coordinate,type,area_type,,,,character,dim:typeveg,fixedScaler,,vegetation,,,,,,,,
recnzc2vSCPMnBbdK,typetreene,Tree area type (Needleleaf Evergreen),,coordinate,type,area_type,,,,character,dim:typetreene,fixedScaler,,trees,,,,,,,,
recobwZzw6s3JFUZ6,latitude,Latitude,,dimension,lat,latitude,Y,True,,double,dim:latitude,options,degrees_north,,,increasing,,,90.0,-90.0,,
recouQ06SSm0oYdbX,typeresidual,Residual area,,coordinate,type,,,,,character,dim:typeresidual,fixedScaler,,residual,,,,,,,,
recptq4LRWqcqTm5Z,p700,pressure,700 hPa,coordinate,plev,air_pressure,Z,,down,double,dim:p700,fixedScalar,Pa,70000.,,,,,,,,
recr0VE6FqVEfGIt2,iceband,Ice Depth Band,Ice depth bands,dimension,iceband,sea_ice_thickness,,True,,double,dim:iceband,,m,,,,,,,,,
recr3HemsmnYZXXh9,depth100m,depth,coordinate value for 100 m ocean depth,coordinate,depth,depth,Z,,down,double,dim:depth100m,fixedScalar,m,100.,,increasing,,,120.0,80.0,,
recsgM8mV0HBrqkUF,alt16,Altitude (16 Levels for MISR),MISR  vertical coordinate heights (first row is reserved for the retrieval error flag),dimension,alt16,altitude,Z,True,up,double,dim:alt16,fixed,m,,-99000.0 0.0 0.0 500.0 500.0 1000.0 1000.0 1500.0 1500.0 2000.0 2000.0 2500.0 2500.0 3000.0 3000.0 4000.0 4000.0 5000.0 5000.0 7000.0 7000.0 9000.0 9000.0 11000.0 11000.0 13000.0 13000.0 15000.0 15000.0 17000.0 17000.0 99000.0,increasing,0 250 750 1250 1750 2250 2750 3500 4500 6000 8000 10000 12000 14500 16000 18000,1.0,,,,
rectOIHqlhqRUACqD,typetree,Tree area type,,coordinate,type,area_type,,,,character,dim:typetree,fixedScaler,,trees,,,,,,,,
rectlPDGF4ZuLefL4,effectRadIc,Effective Radius for Ice Aerosol,Effective Radius of Ice Aerosols  [Values to be specified],dimension,effectRadIc,,,,,double,dim:effectRadIc,fixed,micron,,0.0 10.0 10.0 20.0 20.0 30.0 30.0 40.0 40.0 60.0 60.0 90.0,,5. 15. 25. 35. 50. 75.,,,,,
rectmMGvFLhDMhuI5,typepdec,surface type,,coordinate,type,area_type,,,,character,dim:typepdec,fixedScaler,,primary_deciduous_trees,,,,,,,,
recuAN7EBYrWPz5M4,p220,pressure,pressure layer of high-level cloud in ISCCP simulator,coordinate,plev,air_pressure,Z,True,down,double,dim:p220,fixedScalar,Pa,22000.,,decreasing,,,,,"44000, 0",
recuYIIwVjIZ7RsBY,typebare,surface type,,coordinate,type,area_type,,,,character,dim:typebare,fixedScaler,,bare_ground,,,,,,,,
recugSuU9AiORbQ5b,typeli,Land Ice area type,,coordinate,type,area_type,,,,character,dim:typeli,fixedScaler,,land_ice,,,,,,,,
recuwZHakCKTPMn6b,p10,pressure,10 hPa,coordinate,plev,air_pressure,Z,,down,double,dim:p10,fixedScalar,Pa,1000.,,,,,,,,
recxJDc4G7JOeVf5d,plev3,Pressure Levels (3),,dimension,plev,air_pressure,Z,,down,double,dim:plev3,fixed,Pa,,,decreasing,85000. 50000. 25000.,1.0,,,,
recyRihmfmSp3iXtd,depth2000m,depth,coordinate value for 2000 m ocean depth,coordinate,depth,depth,Z,True,down,double,dim:depth2000m,fixedScalar,m,1000.,,increasing,,,2000.0,0.0,"0, 2000",
reczg2JK34BmsqFfD,typenatgr,Natural grass area type,,coordinate,type,area_type,,,,character,dim:typenatgr,fixedScaler,,natural_grasses,,,,,,,,
